Aach
Aachen
Donaueschingen (Landeplatz)
Großenkneten
Ahrensburg-Wulfsdorf
Aiterhofen
Albstadt-Ebingen
Albstadt-Badkap
Albstadt-Onstmettingen
Aldersbach-Kramersepp
Alfhausen
Alsfeld
Alsfeld-Eifa
Alsfeld-Reibertenrod
Neuruppin-Alt Ruppin
Altastenberg
Leuchtturm Alte Weser
Altenau
Altenburg
Altenstadt
Uffenheim (Schulstr.)
Altentreptow
Geringswalde-Altgeringswalde
Altglashütte
Altomünster-Maisbrunn
Alzey
Amberg-Unterammersricht
Amerang-Pfaffing
Andernach
Angermünde
Anklam
Annaberg-Buchholz
Annaturm
Annweiler-Bindersbach
Ansbach
Ansbach-Claffheim
Ansbach-Hennenbach
Arendsee
Arkona
Arneburg
Arnis
Arnsberg
Arnstein-Müdesheim
Arolsen-Neu Berich
Arolsen-Volkhardinghausen Bad
Artern
Aschaffenburg
Aschersleben
Aßlar Klein-Altenstädten
Attenkam
Au i.d.Hallertau-Günzenhausen
Aue
Augsburg (Sankt Stephan)
Augsburg
Aurich
Baden-Baden-Geroldsau
Müllheim
Baiersbronn-Obertal
Baindt
Bamberg
Bamberg-Altenburg
Bamberg (Sternwarte)
Bargischow-Gnevezin
Barsinghausen-Hohenbostel
Barth
Baruth
Kubschütz Kreis Bautzen
Heinersreuth-Vollhof
Bayrischzell
Beckum-Unterberg
Bederkesa
Oberzent-Beerfelden
Behrensdorf
Bellingen Bad
Belm
Bendorf
Benneckenstein
Oberharz am Brocken-Sorge
Bensheim
Berchtesgaden (KKst)
Berg/Oberpfalz
Bergen
Bergzabern Bad
Berka Bad (Flugplatz)
Berleburg Bad
Berleburg Bad-Stünzel
Berlin-Adlershof
Berlin-Alexanderplatz
Berlin-Buch
Berlin-Dahlem (LFAG)
Berlin-Dahlem (FU)
Berlin-Friedrichshagen
Berlin-Frohnau
Berlin-Invalidenstraße
Berlin-Kaniswall
Berlin-Lichtenrade
Berlin-Lichterfelde (Süd)
Berlin-Marzahn
Berlin-Mitte
Berlin-Ostkreuz
Berlin-Rudow
Berlin Brandenburg
Berlin-Spandau
Berlin-Tegel
Berlin-Tegeler Fliesstal
Berlin-Tempelhof
Berlin-Treptow
Berlin-Zehlendorf
Bernburg/Saale (Nord)
Bernkastel-Kues
Bertrich Bad
Berus
Warthausen-Birkenhard
Biedenkopf-Wallau
Bischbrunn-Oberndorf
Bischofsgrün
Bitterfeld
Blankenburg Bad
Blankenrath
Bobeck
Bocholt (Marienschule)
Bocholt-Liedern (Wasserwerk)
Bochum
Bodenmais-Mais
Böblingen
Böhming
Boffzen
Boizenburg
Bokel
Boll Bad (KKst)
Boltenhagen
Bonn
Bonn-Friesdorf
Königswinter-Heiderhof
Boos
Borgentreich-Bühne
Borken in Westfalen
Borkum-Süderstraße
Boxberg-Seehof
Boxberg-Seehof (West)
Boxberg-Seehof (Wind-3m)
Brake
Brake-Süderfeld
Bramsche
Brande-Hörnerkirchen
Brandenburg-Görden
Hagenbüchach
Braunlage
Braunlage-Hohegeiß
Braunschweig-Gliesmarode
Braunschweig (T.H.)
Braunschweig
Breisach-Eckartsberg
Breitsol
Bremen
Bremen-Seefahrtschule
Bremerhaven
Bremerhaven-Speckenbüttel
Bremervörde (A)
Bremervörde
Bremervörde-Niederochtenhausen
Eschbach
Bretten
Brilon
Brocken
Brombachtal-Kirch-Brombach
Brotjacklriegel (UBA)
Brotterode
Brücken
Brüggen (Flugplatz)
Brunsbüttel (Schleuse)
Buchen Kreis Neckar-Odenwald
Buchenbach
Rosengarten-Klecken
Büchel-Alflen
Bückeburg
Büdingen
Bühlertal
Bühlertal-Obertal
Bühren-Ahden
Büsum
Buhlenberg
Burgwald-Bottendorf
Butzbach-Bodenrod
Carlsfeld
Carlsfeld-Weiterswiese
Celle (Stadt)
Celle
Pemfling-Pitzling
Chemnitz
Chieming
Algermissen-Groß Lobke
Clausthal-Zellerfeld
Cloppenburg
Lautertal-Oberlauter
Colberg Bad
Collmberg
Cottbus (Flugplatz)
Cottbus
Crailsheim-Alexandersreut
Crimmitschau
Cuxhaven
Dachwig
Damsdorf
Darmstadt
Darmstadt (A)
Darmstadt-Botanischer Garten
Darmstadt (US-Air-Base)
Daun
Deggenhausertal-Azenweiler
Dessau
Detmold
Deuselbach
UFS Deutsche Bucht
Diepholz
Dierfeld
Diesbar-Seußlitz
Dietenhofen
Dillenburg
Dillingen (Saar)
Dillingen/Donau
Dillingen/Donau-Fristingen
Dippoldiswalde-Reinberg
Dobel
Doberan Bad-Heiligendamm
Doberlug-Kirchhain
Dobra
Döbeln
Dömitz
Dörpen (Kläranlage)
Dörrmoschel-Felsbergerhof
Dogern
Donaueschingen
Dortmund
Dortmund-Wickede
Dresden (Mitte)
Dresden-Klotzsche
Dresden-Hosterwitz
Dresden-Strehlen
Möckern-Drewitz
Driburg Bad
Duderstadt
Dürkheim Bad
Dürkheim Bad (Saline)
Dürrenberg Bad
Dürrheim Bad
Düsseldorf
Düsseldorf-Südfriedhof
Duisburg-Friemersheim
Duisburg-Laar
Ebeleben
Ebersbach/Fils
Ebersberg-Halbing
Eberswalde
Ebrach
Ebstorf
Egelsbach
Eggebek
Ehningen
Eiberg
Eichstätt-Landershofen
Eidersperrwerk
Eigenrieden
Eimeldingen
Einbeck
Eisleben-Helfta
Elgersburg
Ellwangen-Rindelbach
Elpersbüttel
Elsdorf/Erftkreis
Elsfleth
Elster Bad-Sohl
Elzach-Fisnacht
Emden-Nesserland
Emden-Wolthusen
Emmendingen-Mundingen
UFS TW Ems
Ems Bad
Engelskirchen
Engen/Hegau
Eningen
Ennigerloh-Ostenfelde
Eppingen
Eppingen-Elsenz
Erding
München-Flughafen
Erfde
Erfurt-Weimar
Ering
Eriskirch-Mariabrunn
Möhrendorf-Kleinseebach
Erlangen-Bruck
Erlangen-Frauenaurach
Eschau-Hobbach
Eschenbach/Oberpfalz
Eschwege
Esens
Eslohe
Essen-Bredeney
Weilerswist-Lommersum
Eutin
Falkenberg Kr.Rottal-Inn
Faßberg
Fehmarnbelt
Feldberg
Feldberg/Schwarzwald
Feldberg-Altglashütten
Fichtelberg/Oberfranken-Hüttstadl
Fichtelberg
Fichtelberg/Ofr
Fischen
Fladungen-Heufurt
Flensburg
Flensburg (Schäferhaus)
Flensburg-Mürwik
Flossenbürg
Frammersbach
Frankenhausen Bad/Kyffhäuser
Birx/Rhön
Frankfurt (07W)
Frankfurt (18W)
Frankfurt/Main
Frankfurt/Main (Stadt)
Frankfurt/Main (Henninger Turm)
Frankfurt/Main (Terminal)
Frankfurt/Main-Westend
Frankfurt/Main (Feldbergstr.)
Frankfurt/Oder
Frankweiler
Freiamt-Ottoschwanden
Freiberg
Freiburg
Freiburg im Breisgau-Herdern
Freiburg/Elbe
Freudenstadt-Kurgarten
Freudenstadt
Freystadt-Michelbach
Friedenweiler
Friedrichsbrunn
Friedrichshafen
Malsburg-Marzell-Friedrichsheim
Friedrichshöhe
Friesoythe-Altenoythe
Fritzlar/Eder
Fritzlar-Kasseler Warte
Fuchskauten
Fürstenfeldbruck
Fürth/Bayern (A)
Fulda-Horas
Gardelegen
Garmisch-Partenkirchen
Gartz/Oder
Gehlberg-Schmücker Graben
Geilenkirchen-Neutevern
Geisenheim
Geisingberg
Geisingen
Traunstein-Geißing
Gelbelsee
Geldern-Walbeck
Gelnhausen
Ohlsbach
Genthin
Gera-Leumnitz
Gernrode
Gernsheim
Geroda-Platz
Gersfeld
Gießen (Lahntal)
Gießen/Wettenberg
Gilserberg-Moischeid
Glücksburg-Meierwik
Glückstadt
Goch
Görlitz
Gößweinstein
Göttingen
Goldberg
Gottleuba Bad
Gräfenberg-Kasberg
Grainet-Rehberg
Grambek
Grebenhain-Herchenhain
Greifswald
Greifswald-Wieck
Greifswalder Oie
Greiz-Dölau
Münster/Osnabrück
Groß Berßen
Sanitz-Groß Lüsewitz
Großbeeren
Großer Arber (Ost)
Großer Arber
Grosser Falkenstein
Grosser Inselsberg
Feldkirchen-Westerham-Lenzmühle
Großmehring-Theißing
Großwechsungen
Gründau-Breitenborn
Grünow
Grund Bad
Grund Bad (Erzbergwerk)
Gschwend Kreis Ostalb
Günzburg
Güstrow-Schabernack
Rheda-Wiedenbrück-Lintel
Gütersloh (Flugplatz)
Gunzenhausen/Altmühlsee
Hagen-Fley
Hagen (Stadtsparkasse)
Hahnenklee
Halle-Kröllwitz
Halle (Stadt)
Hallig Hooge
Olsdorf
Hamburg-Bergedorf
Hamburg-Botanischer Garten
Hamburg-Fuhlsbüttel
Hamburg-Kirchwerder
Hamburg-Neuwiedenthal
Hamburg-Reitbrook
Hamburg-Sankt Pauli
Hamburg-Wandsbek
Hameln
Hanau
Hankensbüttel
Hannover
Harburg
Harzburg Bad
Harzgerode
Haseldorf
Hasselfelde
Haßfurt
Hausstein
Hechingen
Weddingstedt
Heidelberg
Königstuhl
Heidelberg-Grenzhof
Heidenheim/Brenz
Heidenrod-Mappershain
Heidmoor
Heilbronn
Helgoland-Düne
Heinsberg-Schleiden
Helgoland
Helmstedt
Helse Kreis Dithmarschen
Herford
Herleshausen
Herrenalb Bad
Herrenberg
Herrenhof
Herrnhut
Niederwörresbach
Hersfeld Bad
Herten
Herzberg
Hiddensee-Vitte
Hildesheim
Hildesheim (Flugplatz)
Hilgenroth
Hindelang-Unterjoch
Hindfeld
Hinterhermsdorf
Eisfeld-Waffenrod-Hinterrod
Hinterzarten
Höchenschwand
Höllenstein (Kraftwerk)
Bertsdorf-Hörnitz
Hörnum/Sylt
Hof (Stadt)
Hof
Hofgeismar-Beberbeck
Hofheim
Hohennauen
Hohenpeißenberg
Hohenwestedt
Hohlstedt-Kötschau
Hohn
Hohwacht
Holzdorf-Bernsdorf
Holzhausen a.d. Haide
Holzkirchen
Bevern Kreis Holzminden
Holzminden-Silberborn
Homberg/Ohm
Homburg/Saar
Hopsten (Flugplatz)
Horlachen
Hornisgrinde
Hottingen
Hoyerswerda Kreis Bautzen
Hüll
Hümmerich
Husum
Kandern-Gupf
Idar-Oberstein
Ihringen
Ilmenau
Ilsenburg
Ingelfingen
Ingolstadt-Manching
Mittbach
Iserlohn-Westig
Isny
Itzehoe
Jänickendorf
Schleswig-Jagel
Jena (Sternwarte)
Jessen/Elster
Jever
Jork
Jork-Moorende
Jülich (Forsch.-Anlage)
Jüterbog
Jungholz (Kühmoos)
Kahl/Main
Kahler Asten (A)
Kahler Asten
Kaisersbach-Cronhütte
Kaiserslautern
Kaisheim-Neuhof
Kalifornien
Kalkar
Kall-Sistig
Heiligenstadt Heilbad-Kalteneber
Kaltennordheim
Kamenz
Karlshuld
Karlsruhe
Kassel
Kassel-Harleshausen
Kassel-Wilhelmshöhe (A)
Kaufbeuren
Kaufering
Kehl-Odelshofen
Kempten
Kiel-Holtenau
Kiel-Kronshagen
Waging am See-Schnöbling
Kirchberg/Jagst-Herboldshausen
Kirchdorf/Poel
Kissingen Bad
Kitzingen
Kleiner Feldberg/Taunus
Klein Rönnau
Kleiner Inselsberg
Kleinmachnow
Schipkau-Klettwitz
Kleve
Klippeneck
Klitzschen bei Torgau
Klosterlausnitz Bad
Knittlingen
Koblenz
Koblenz-Horchheim
Kölleda
Köln-Botanischer Garten
Köln/Bonn
Königshofen Bad
Königsmoor
Königsmoos-Untermaxfeld
Königstein/Taunus
Könnern
Kösching
Kösen Bad
Köterberg
Köthen (Anhalt)
Kohlgrub Bad (Rosshof)
Konstanz
Konstanz (Stadtgärtnerei)
Korbach-Lengefeld
Kreuth
Kronach
Krozingen Bad
Krozingen Bad-Hausen
Krüssau
Krumbach-Edenhausen
Kükels
Kümmersbruck
Künzelsau
Kulmbach
Kumhausen
Kusel-Fünfbirken
Kyritz
Laage-Kronskamp
Laarbruch
Lahr
Merklingen
Lamspringe
Landsberg (Flugplatz)
Landsberg/Lech
Landshut
Langenlipsdorf
Langensalza Bad
Langeoog
Lathen
Lauchstädt Bad
Lauda-Königshofen-Gerlachsheim
Laupheim
Lauterberg Bad (A)
Lautertal-Hörgenau
Lechfeld
Leck (A)
Leck
Lehbek
Lehesten/Thüringer Wald
Leiblfing
Leinau
Leinefelde
Leipheim (Flugplatz)
Leipzig-Holzhausen
Leipzig-Mockau
Leipzig/Halle
Lennestadt-Theten
Lenningen-Schopfloch
Lensahn
Lenzen/Elbe
Lenzkirch-Ruhbühl
Lenzkirch-Saig
Leuchtturm Kiel
Leunawerke
Köln-Stammheim
Lichtenhain-Mittelndorf
Liebenzell Bad
Liliental
Limburg/Lahn-Offheim
Limburgerhof
Lindenberg
Lindenberg/Allgäu
Lindenfels
Lindenfels-Winterkasten
Lingen
Lippspringe Bad
Lippstadt-Bökenförde
List auf Sylt
Lobenstein Bad
Löhnberg-Obershausen
Löningen
Löningen-Hagel
Löningen-Schnetlage
Lohr/Main-Steinbach
Lorch/Rhein
Ludwigshafen-Mundenheim
Lübben
Lübben-Blumenfelde
Lübeck
Lübeck-Blankensee
Lübeck-Werft
Lüchow
Lüdenscheid (Zeppelin-Gymnasium)
Lüdenscheid
Lüdinghausen
Lüneburg
Luisenthal/Ohra
Magdeburg
Mainhardt-Ziegelbronn
Mainz-Lerchenberg (ZDF)
Mainz-Finthen
Maisach-Gernlinden
Malente Bad-Gremsmühlen
Mallersdorf-Pfaffenberg-Oberlindhart
Manderscheid-Sonnenhof
Manschnow
Vatterode-Gräfenstuhl
Cölbe Kreis Marburg-Biedenkopf
Marienberg
Marienberg Bad
Marienleuchte
Markt Erlbach-Hagenhofen
Marnitz
Martinroda
Mauth-Finsterau
Mayen
Meerbeck
Meersburg
Aschersleben-Mehringen
Meinberg Bad
Meinerzhagen (A)
Meiningen
Klipphausen-Garsebach
Melle
Memmingen
Memmingen (Flugplatz)
Mendig
Sankt Blasien-Menzenschwand
Meppen
Merdingen
Mergentheim Bad
Mespelbrunn
Meßstetten-Appental
Metten
Mettlach-Orscholz (Kurort)
Metzingen
Michelstadt
Michelstadt-Vielbrunn
Schmieritz-Weltwitz
Miltenberg
Mittel-Gründau
Mittenwald-Buckelwiesen
Modautal-Neunkirchen
Mölln
Röllbach
Mönchengladbach
Mönchengladbach-Hilderath
Montabaur
Moringen-Lutterbeck
Mücka
Mühlacker
Mühldorf
Mühlenrade
Mühlhausen
Müncheberg
München-Stadt
München-Bogenhausen
München-Botanischer Garten
München-Nymphenburg
München-Perlach
München-Riem
Münsingen-Apfelstetten
Münster
Leutenberg-Steinsdorf
Murrhardt
Muskau Bad
Nauheim Bad
Neubrandenburg
Neuburg
Neuburg/Kammel-Langenhaslach
Neudenau
Neuenahr Bad-Ahrweiler
Neuenburg-Zinken
Stechlin-Menz
Neuhaus am Rennweg
Neuhausen ob Eck
Neuhausen ob Eck-Unterschwandorf
Neukirchen-Hauptschwenda
Neuland
Neumarkt-Höhenberg
Neumünster
Neunkirchen-Seelscheid-Krawinkel
Neunkirchen-Seelscheid-Meisenbach
Neunkirchen/Saar
Neunkirchen-Wellesweiler
Neuruppin
Neustadt/Aisch
Neustadt am Kulm-Filchendorf
Neustadt/Weinstraße
Neustadt/Weinstraße (Heidehof)
Neustrelitz
Regensburg-Burgweinting
Nidderau-Windecken
Nideggen-Schmidt
Niederelbert
Niederstetten
Niederstotzingen
Nienburg
Reimlingen
Nörvenich-Niederbolheim
Norderney
Nordholz-Wanhöden
Nordhorn-Blanke
Northeim-Stöckheim
Nümbrecht auf dem Lindchen
Nümbrecht-Distelkamp
Nürburg
Nürburg-Barweiler
Nürnberg (Hochhaus)
Nürnberg-Buchenbuehl
Nürnberg-Netzstall
Nürnberg
Nürtingen
Nufringen
Kiefersfelden-Gach
Oberhof
Münstertal-Obermünstertal
Oberndorf/Neckar-Aistaig
Oberschleißheim
Oberstaufen-Kalzhofen
Oberstdorf
Obersulm-Willsbach
Obertaufkirchen
Oberviechtach
Oberweser-Gieselwerder
Ochsenhausen-Mittelbuch
Ochsenkopf
Ochtrup
Oebisfelde
Öhringen
Offenbach/Main-Zentrallabor (RADA)
Offenbach/M. (Stadt)
Offenburg
Olbersdorf
Oldenburg (A)
Oldenburg
Oschatz
Osnabrück
Osterburg
Osterfeld
Osterhof
Ostheim vor der Rhön
Oy-Mittelberg
Oy-Mittelberg-Petersthal
Papenburg
Parsberg/Oberpfalz-Eglwang
Passau-Maierhof
Passau-Oberhaus
Pausa-Unterreichenau
Pelzerhaken
Perl-Besch
Perl-Nennig
Perl-Sinz-Renglischberg
Petkus
Pferdsfeld
Pfofeld-Langlau
Pforzheim-Eutingen
Pforzheim-Ispringen
Pfullendorf
Philippsburg
Pirmasens
Plauen
Plön (Max-Planck-Institut)
Plön (See)
Pommelsbrunn
Pommelsbrunn-Mittelburg
Potsdam
Potsdam (Säkularstation)
Prien-Stock
Puch
Putbus
Quakenbrück
Quedlinburg
Querfurt-Mühle Lodersleben
Quickborn (Kurzer Kamp)
Quickborn
Radolfzell
Rahden-Kleinendorf
Raisting
Rastatt
Rastenberg
Rauschberg bei Ruhpolding
Weingarten Kreis Ravensburg
Recklinghausen
Regensburg
Reichenhall Bad
Reichshof-Eckenhagen
Marienberg-Reitzenhain
Remetschwiel
Remscheid-Lennep
Rendsburg
Rengsdorf (Kurort)
Renningen-Ihinger Hof
Reutlingen-Betzingen
Rheinau-Memprechtshofen
Rheine-Bentlage
Rheinfelden
Rheinstetten
Altheim Kreis Biberach
Rodewisch
Roding-Wetterfeld Schlüchtern
Röhrigshof
Roetgen
Rohrbach
Rosenheim
Rostock
Rostock-Warnemünde
Rotenburg (Wümme)
Roth bei Nürnberg
Roth bei Prüm
Roth
Rothenburg ob der Tauber
Rothenfelde Bad
Rottach-Egern
Rottenburg-Kiebingen
Rottweil
Kreuznach Bad
Ruhpolding
Ruhwinkel
Ruppertsecken
Rusel-Irlmoos
Rutesheim
Saalfeld
Saara-Großsaara
Saarbrücken (Röchling)
Saarbrücken-Ensheim
Saarbrücken (Wasserwerk)
Saarbrücken-Sankt Johann
Saarlouis
Sachsa Bad
Sachsenheim
Säckingen Bad (Bergseestr.)
Saldenburg-Entschenreuth
Salzgitter-Ringelheim
Salzhemmendorf-Lauenstein
Salzuflen Bad
Salzwedel
Sandberg
Sankt Blasien
Sankt Märgen
Sankt Michaelisdonn
Sankt Peter-Ording
Sankt Wendel-Hof
Sankt Wendel-Urweiler
Sassendorf Bad-Ostinghausen
Schaafheim-Schlierbach
Schallstadt-Mengen
Schauinsland (UBA)
Schaumberg-Tholey
Scheidegg
Schemmerhofen-Ingerkingen
Schenklengsfeld
Scheßlitz
Schieder
Wernigerode-Schierke
Schleiz
Schleswig
Schleswig-Stadtfeld
Schleusingen
Schliersee (A)
Schlossböckelheim
Schluchsee
Schlüchtern-Kloster Gomfritz
Schlüchtern-Herolz
Schmalenbeck
Schmalkalden Kurort
Schmatzfeld
Schmelz-Hüttersdorf
Schmiedeberg Bad
Schmücke
Schnarrtanne-Vogelsgrün
Schneifelforsthaus
Schömberg Kreis Calw
Schönwald/Ofr.-Brunn
Schönwald/Schwarzwald
Schonach
Schopfheim-Eichen
Schorndorf-Knöbling
Schotten
Schulenberg
Schwabach (A)
Schwäbisch Gmünd-Strassdorf
Schwäbisch Hall-Bibersfeld
Schwäbisch Gmünd (Wind)
Schwaigermoos
Schwalbach Bad
Schwandorf
Schwanebeck
Schwangau-Horn
Schwarzburg
Schwarze Pumpe
Schwarzenberg
Schweinfurt-Gartenstadt
Schwerin
Schwesing
Seehausen
Seelscheid
Seesen
Segeberg Bad
Selb/Selbbach
Selb/Oberfranken-Wildenau
Selbach (Tholey)
Sengwarden
Siegen (Kläranlage)
Sigmaringen (Flugplatz)
Sigmaringen-Laiz
Sigmarszell-Zeisertsweiler
Silberhütte
Simbach/Inn
Simmern-Wahlbach
Sinsheim
Steinau-Seidenroth
Söllingen
Solingen-Hohenscheid
Soltau
Sondershausen
Sonneberg-Neufang
Sontra
Sooden-Allendorf Bad
Speinshart
Spören-Prussendorf
Stadtilm
Staffelstein Bad-Stublang
Stammbach-Querenbach
Stegen
Steinau Kreis Cuxhaven
Steinberg
Mittelnkirchen-Hohenfelde
Oberharz am Brocken-Stiege
Stimpfach-Weipertshofen
Stockach
Störsperrwerk
Stötten
Wagersrott
Straubing
Strucklahnungshörn
Stuttgart (Neckartal)
Stuttgart-Stadt
Stuttgart (Schnarrenberg)
Stuttgart (Schnarrenberg Aero)
Stuttgart-Echterdingen
Stuttgart-Hohenheim
Suderode Bad
Sülzhayn
Süpplingen
Sundhausen
Tabarz/Thüringer Wald
Tangermünde
Tann/Rhön
Tauberbischofsheim-Dittigheim
Tegernsee
Starkenberg-Tegkwitz
Teterow
Worpswede-Hüttenbusch
Teuschnitz
Tholey
Thüngersheim
Tiefenort
Tirschenreuth-Lodermühl
Titisee-Neustadt-Langenordnach
Titisee-Neustadt-Titisee
Todtmoos
Tölz Bad
Tönisvorst
Torfhaus im Solling
Torgau
Traunstein-Sparz
Traunstein-Axdorf
Travemünde
Trent
Triberg
Triberg (Kurpark)
Tribsees
Trier-Zewen
Trier-Petrisberg
Trochtelfingen
Trochtelfingen-Wilsingen
Trollenhagen
Trostberg
Tübingen
Tuttlingen
Tuttlingen-Möhringen-Vorstadt
Twistetal-Mühlhausen
Überlingen/Bodensee
Ueckermünde
Uelzen
Gollhofen
Ulm-Wilhelmsburg
Ulm
Ummendorf
Unterlüß
Uttenreuth
Vilgertshofen
Villingen-Schwenningen
Visbek
Völklingen-Stadt
Völklingen (Kraftwerk-Fenne)
Vogtareuth (A)
Vogtsburg-Oberrotweil
Voldagsen
Wackersleben
Waghäusel-Kirrlach
Wahlen
Wesertal-Lippoldsberg
Wittenborn
Wahnsdorf bei Dresden
Waiblingen
Waldachtal-Lützenhardt
Waldau-Jostal
Waldeck
Waldems-Reinborn
Waldhäuser (National Park)
Waldhof (Lüneburger Heide)
Waldsassen
Waldsee Bad-Reute
Waldshut
Walldürn
Waltershausen
Wangerooge
Warburg
Waren (Müritz)
Wartenberg-Angersbach
Wasserburg
Wasserkuppe
Watzmannhaus
Weiden
Weidenbach Kreis Ansbach
Weigenheim-Reusch
Weihenstephan-Dürnast
Weilburg (Kläranlage)
Weilheim-Bierbronnen
Weimar
Weimar-Schöndorf
Weinbiet
Weinsberg
Weisen bei Wittenberge
Weiskirchen/Saar
Weismain
Weißenburg-Emetzheim
Weißenfels
Weißensee-Ottenhausen
Weisweil-Waldeckhof
Wellendingen
Wellmitz
Wendelstein
Werl
Mühlhausen Kreis Schweinfurt
Wernigerode
Wertheim-Eichel
Westerland
Westerland (UBA)
Fehmarn
Wieda
Wielenbach (Demollstr.)
Wiesbaden-Auringen
Wiesbaden-Dotzheim
Wiesenburg
Wildbad Bad-Calmbach
Wildbad Bad-Sommerberg
Neubulach-Oberhaugstett
Wildenrath
Wildungen Bad
Wilhelmshaven
Willingen/Upland
Willingen/Upland-Usseln
Winterbach Rems-Murr-Kreis
Winterberg
Wismar
Wittenberg
Wittmundhafen
Wittstock
Wittstock-Rote Mühle
Witzenhausen
Wörnitz-Bottenweiler
Woldegk
Wolfach
Wolfegg
Wolfsburg
Wolfsburg (Südwest)
Wolfstein/Pfalz
Dachsberg-Wolpadingen
Worms
Würzburg/Main
Würzburg
Würzburg (Physikalisches-Institut)
Wunstorf
Wuppertal-Buchenhofen
Remscheid
Wustrau-Ziethenhorst
Wutöschingen-Ofteringen
Wrixum/Föhr
Zehdenick
Zeitz
Zerbst
Ziegenrück
Zinnowitz
Zinnwald-Georgenfeld
Zittau
Zugspitze
Lichtentanne
Zwiesel
Zwieselberg
Bassum (A)
Bassum
Berge
Dannenberg
Emden
Enzklösterle (A)
Frankenberg-Geismar
Fürstenzell
Hahn
Putlos
Kirchheim/Teck-Ötlingen
Kohlgrub Bad (A)
Ludwigsburg
Mainburg
Mannheim
Malsfeld
Neuwied
Schönhagen (Ostseebad)
Reit im Winkl
Welzheim (A)
Melchow-Schönholz
Spiekeroog (SWN)
Wendisch Evern
Taubenheim-Seeligstadt
Altmühlsee
Darßer Ort (SWN)
Stockach-Espasingen
Gailingen
Bastorf-Kägsdorf (SWN)
Lindau (SWN)
Mittenwald/Obb.
Ostenfeld (Rendsburg)
Rechlin
Sipplingen (SWN)
Ruthenstrom
Grambow-Schwennenz
Medow-Wussentin
Stralsund-Devin
Sohland/Spree
Dillenburg-Niederscheld (Kläranlage)
Wangerland-Hooksiel
Weidenbach-Weiherschneidbach
Dörpen
Dörnick
Coschen
Kassel-Wilhelmshöhe
Mallersdorf-Pfaffenberg
Westerland (Wind)
Wilhelmshaven (Flugplatz)
Nastätten
Rotenburg (Wümme) (Flugplatz)
Münster am Stein Bad
Selb-Spielberg
Lügde-Paenbruch
Steinhagen-Negast
Vogtareuth (Kläranlage)
Saarbrücken-Burbach
Dollnstein-Breitenfurt
Krummhörn (Hooge)
Starnberg-Perchting
Mülheim-Kärlich
Philippsburg KKW
Obrigheim
Neckarwestheim KKW
Dogern (Leibstadt)
Brandenburg/Havel
Perl/Saar
Friedrichshafen-Unterraderach
Großerlach-Mannenweiler
Ingelfingen-Stachenhausen
Schwäbisch Gmünd-Weiler
Singen
Brilon-Thülen
Wusterwitz
Huy-Pabstorf
Salzungen Bad-Gräfen-Nitzendorf
Demker
Notzingen
Wolfsburg (Schleuse)
Pilsach-Litzlohe
Mühlhausen/Thüringen-Görmar
Karlshagen
Markt Erlbach-Mosbach
Nossen
Lohr/Main-Halsbach
Lüdinghausen-Brochtrup
Runkel-Ennerich
Maisach-Galgen
Schonungen-Mainberg
Elsendorf-Horneck
Liebenburg-Othfresen
Siegsdorf-Höll
Bielefeld-Deppendorf
Aulendorf-Haslach
Freudenberg/Main-Boxtal
Neuglobsow (HM)
Hattstedt
Wielenbach
Donauwörth-Osterweiler
Olbersleben
Schneefernerhaus
Treuen
Arnsberg-Neheim
Hermaringen-Allewind
Offenbach-Wetterpark
Deutschneudorf-Brüderwiese
Prackenbach-Neuhäusl
Feldberg/Mecklenburg
Jeßnitz
Alfeld
Eisenach
Feuchtwangen-Heilbronn
Waldmünchen
Borkum-Flugplatz
Ahaus
Heckelberg
Oberzent-Beerfelden-Vogelherd
Aubstadt
Hoyerswerda
Wunsiedel-Schönbrunn
Gottfrieding
Hoherodskopf/Vogelsberg
Leutkirch-Herlazhofen
Neu-Ulrichstein
Neuhütten/Spessart
Birkelbach
Langenwetzendorf-Göttendorf
Naumburg/Saale-Kreipitzsch
Piding
Padenstedt (Pony-Park)
Veilsdorf
Oberhaching-Laufzorn
Wittingen-Vorhop
Winterbach/Remstal
Freiburg-Mitte
Duisburg-Baerl
Waibstadt
Hameln-Hastenbeck
Langquaid-Oberschneidhart
Gütersloh/Ems
Waltrop-Abdinghof
Gevelsberg-Oberbröking
Eschwege-Eltmannshausen
Landshut-Reithof
Krölpa-Rockendorf
Meinerzhagen-Redlendorf
Hildesheim-Drispenstedt
Helmstedt-Emmerstedt
Altenberg-Raupennest
Pößneck
Wehnde
SodenBad-Salmünster (Kläranlage)
Haltern (Wasserwerk)
Nordseeboje 2
Zwickau-Stadt
Rotthalmünster (Landwirtschaftsamt)
Arnsberg-Müschede
Balingen-Bronnhaupten
Kaufbeuren (Flugplatz)
Falkenberg (Grenzschichtmessfeld)
Hersdorf-Weißenseifen
Aachen-Orsbach
Neuwied-Feldkirchen-Hüllenberg
Haaren
Ergersheim-Neuherberg
Sukow-Levitzow
Xanten (Wasserwerk)
Börßum-Achim
Wuppertal
Schauenburg-Elgershausen
Halblech-Bayerniederhofen
Ulm-Mähringen
Frasdorf-Greimelberg
Hamburg (Deutsche Seewarte)
Heilbronn/Neckar
Kaufbeuren-Oberbeuren
Hinterschmiding-Sonndorf
Lingen-Baccum
Großpostwitz-Denkwitz
Fronberg (Schwandorf)
Pirmasens (Kläranlage)
St. Tönis
Krefeld-Mitte
Brückenau Bad (Elisabethenhof)
Ober-Olm/Bellem
Sembach
Sargenroth
Leherheide
Freyung vorm Wald
Hasenkrug-Hardebek
Wacken
Gülzow-Prüzen
Föhr
Oberschleißheim/Flugplatz
Schmalkalden
Schmiedefeld/Rennsteig
Finsterbergen
Sulza Bad
Liebenstein Bad
Lucka
Reinheim-Hundertmorgen
Bonndorf
Urach Bad/Erms
Enzklösterle/Schwarzwald
Königsfeld
Cämmerswalde-Rauschenbach
Burghaslach
Salzungen
Eberbach/Neckar
Nordhausen (Umspannwerk)
Ingolstadt
Amberg (Mariahilfberg)
Nagold/Nagold
Schönau am Königssee
Gerstungen/Thüringen
Stendal/Altmark
Weissach/Strudelbach
Wiesbaden (Südost)
Chemnitz-Altendorf
Seebach (Nationalpark Schwarzwald)